{"ariel":4261.415647836058,
 "artel":4554.384023616696,
 "laser":5200.2838505981,
 "orate":4080.7770935130025,
 "raile":3760.481173293798,
 "raine":4495.227837317205,
 "realo":4891.566631509581,
 "roate":3649.984681838038,
 "soare":3880.220555497928,
 "stoae":5607.953961889157,
 "strae":5160.008196146469,
 "taler":4587.001969420412,
 "arise":4059.8350194332825,
 "arose":4357.584679977712,
 "irate":4066.557127896941,
 "raise":3720.1336826668794,
 "snare":5053.160903951874,
 "stare":5081.101134423643}